<?xml version="1.0" encoding="utf-8" ?>
<plant>
    <flower id="1" nid="asd">
        <name ciid="1">向日葵</name>
        <size ciid="2">big</size>
        <color ciid="3">yellow</color>
    </flower>
    <flower id="2">
        <name>郁金香</name>
        <size>smart</size>
        <color>purple</color>
    </flower>
    <green id="3">
        <name>三叶草</name>
        <size>
            <spring>none</spring>
            <summer>smart</summer>
            <autumn>little</autumn>
            <winter>a little</winter>
        </size>
        <quantity>3</quantity>
    </green>
    <flower id="4"></flower>
</plant>